<?xml version="1.0" encoding="UTF-8"?>
<project-private xmlns="http://www.netbeans.org/ns/project-private/1">
    <editor-bookmarks xmlns="http://www.netbeans.org/ns/editor-bookmarks/2" lastBookmarkId="0"/>
    <open-files xmlns="http://www.netbeans.org/ns/projectui-open-files/2">
        <group>
            <file>file:/C:/Users/Samuel/Desktop/CS2/Checkers/src/checkers/Piece.java</file>
            <file>file:/C:/Users/Samuel/Desktop/CS2/Checkers/src/checkers/Board.java</file>
            <file>file:/C:/Users/Samuel/Desktop/CS2/Checkers/src/checkers/Player.java</file>
            <file>file:/C:/Users/Samuel/Desktop/CS2/Checkers/src/checkers/Checkers.java</file>
            <file>file:/C:/Users/Samuel/Desktop/CS2/Checkers/src/checkers/Window.java</file>
        </group>
    </open-files>
</project-private>
